[
  {
    "_id": "59452d04d3167b43610b2bdd",
    "name": "Oconnor",
    "vorname": "Becker",
    "club": "Insectus",
    "coach": "Lenore Dodson",
    "position": "Small Forward",
    "number": 79,
    "year": 1998
  },
  {
    "_id": "59452d0459fd8d1924a843ab",
    "name": "Flynn",
    "vorname": "Lawanda",
    "club": "Enersol",
    "coach": "Daisy Britt",
    "position": "Guard",
    "number": 7,
    "year": 1994
  },
  {
    "_id": "59452d04e1c6d4771116097c",
    "name": "Strong",
    "vorname": "Bowen",
    "club": "Lyrichord",
    "coach": "Hallie Carver",
    "position": "Center",
    "number": 18,
    "year": 2000
  },
  {
    "_id": "59452d0419e9d506087bfc12",
    "name": "Fletcher",
    "vorname": "Linda",
    "club": "Photobin",
    "coach": "Diane House",
    "position": "Power Forward",
    "number": 27,
    "year": 1991
  },
  {
    "_id": "59452d04e7e74c526f5cc629",
    "name": "Wise",
    "vorname": "Hunt",
    "club": "Rocklogic",
    "coach": "Buchanan Huber",
    "position": "Center",
    "number": 78,
    "year": 2002
  },
  {
    "_id": "59452d04e5710396ed162998",
    "name": "Rutledge",
    "vorname": "Tracie",
    "club": "Intradisk",
    "coach": "Burnett Kemp",
    "position": "Center",
    "number": 31,
    "year": 1988
  },
  {
    "_id": "59452d044fe166dd31b3b7d6",
    "name": "Carrillo",
    "vorname": "Gaines",
    "club": "Capscreen",
    "coach": "Lupe Vaughan",
    "position": "Guard",
    "number": 37,
    "year": 1993
  },
  {
    "_id": "59452d04372761291eed0ae9",
    "name": "Dickerson",
    "vorname": "Yolanda",
    "club": "Joviold",
    "coach": "Rojas Rodgers",
    "position": "Wing",
    "number": 79,
    "year": 1997
  },
  {
    "_id": "59452d0457ebc87b96993677",
    "name": "Erickson",
    "vorname": "Jerry",
    "club": "Gonkle",
    "coach": "Merritt Wilkinson",
    "position": "Guard",
    "number": 84,
    "year": 1998
  },
  {
    "_id": "59452d044ec4cc87d797a29f",
    "name": "Greer",
    "vorname": "Bonner",
    "club": "Earthmark",
    "coach": "Gordon Freeman",
    "position": "Wing",
    "number": 36,
    "year": 2003
  },
  {
    "_id": "59452d04ec35c968d9bc8051",
    "name": "Berg",
    "vorname": "Angeline",
    "club": "Mondicil",
    "coach": "Delacruz Ware",
    "position": "Guard",
    "number": 90,
    "year": 1984,
    "favorit": true
  },
  {
    "_id": "59452d049552d68d9ef4ff1f",
    "name": "Blackburn",
    "vorname": "Short",
    "club": "Futurize",
    "coach": "Booker Merritt",
    "position": "Wing",
    "number": 83,
    "year": 2003,
    "favorit": true
  },
  {
    "_id": "59452d04ab882007c600f90b",
    "name": "Hines",
    "vorname": "Paulette",
    "club": "Singavera",
    "coach": "Daphne Stewart",
    "position": "Center",
    "number": 30,
    "year": 2002,
    "favorit": true
  },
  {
    "_id": "59452d04a0faa37e236bcc4f",
    "name": "Walters",
    "vorname": "Delores",
    "club": "Dognost",
    "coach": "Bentley Guthrie",
    "position": "Wing",
    "number": 29,
    "year": 1996,
    "favorit": true
  },
  {
    "_id": "59452d0461849fefd66e2d50",
    "name": "Harper",
    "vorname": "Woodard",
    "club": "Interloo",
    "coach": "Allen Ewing",
    "position": "Center",
    "number": 21,
    "year": 1988,
    "favorit": true
  },
  {
    "_id": "59452d0426ad84a2d1e83a8d",
    "name": "Roberts",
    "vorname": "Latasha",
    "club": "Furnafix",
    "coach": "Romero Frost",
    "position": "Wing",
    "number": 7,
    "year": 1981,
    "favorit": true
  },
  {
    "_id": "59452d04dc06060305f7b1c9",
    "name": "Randolph",
    "vorname": "Jenna",
    "club": "Magmina",
    "coach": "Lauri Ray",
    "position": "Small Forward",
    "number": 69,
    "year": 1995,
    "favorit": true
  },
  {
    "_id": "59452d04a994cb4502ce4ae0",
    "name": "Clements",
    "vorname": "Webster",
    "club": "Isologia",
    "coach": "Berry Bray",
    "position": "Center",
    "number": 90,
    "year": 1982,
    "favorit": true
  },
  {
    "_id": "59452d04fee0ce77b312c498",
    "name": "Ayers",
    "vorname": "Jenifer",
    "club": "Surelogic",
    "coach": "Isabelle Guzman",
    "position": "Wing",
    "number": 43,
    "year": 1982,
    "favorit": true
  },
  {
    "_id": "59452d04c9240acbd772a738",
    "name": "Hurst",
    "vorname": "Lois",
    "club": "Qualitex",
    "coach": "Melinda Fuentes",
    "position": "Power Forward",
    "number": 74,
    "year": 2000,
    "favorit": true
  }
]